Threshold,Games,Mean points
9,3,58
10,40,87.075
11,75,86.93333
12,1180,114.10169
13,1542,122.6738
14,3055,125.243208
15,42474,133.156048
